Date,Close,High,Low,Open,Volume
2024-01-02,183.5621795654297,186.3308429174033,181.8317668564464,185.0552730997862,82488700
2024-01-03,182.187744140625,183.79950485996184,181.37691491631995,182.1580811288092,58414500
2024-01-04,179.8739471435547,181.04073256447916,178.85547678867908,180.1112512492328,71983600
2024-01-05,179.152099609375,180.7144169560074,178.15340966673114,179.953046197359,62379700
2024-01-08,183.48309326171875,183.52265400582172,179.46853775144191,180.05193047893468,59144500
2024-01-09,183.06776428222656,183.0776469225398,180.68473531069785,181.86141829199207,42841800
2024-01-10,184.1060485839844,184.31368968460143,181.86145160567415,182.28664662503843,46792900
2024-01-11,183.51272583007807,184.9563909902637,181.5647744262664,184.45208965863696,49128400
2024-01-12,183.83905029296875,184.64987951630312,183.1172251929773,183.97748271061096,40477800
2024-01-16,181.57467651367188,182.19761480887053,178.90488492167398,180.1211286782067,65603000
2024-01-17,180.63528442382807,180.88248621338644,178.28193364707266,179.241077797599,47317400
2024-01-18,186.5187530517578,187.0230394166836,183.7500891900385,184.0071736938823,78005800
2024-01-19,189.4159393310547,189.8015736058004,186.70661676571424,187.2109030979192,68903000
2024-01-22,191.7198181152344,193.1437028283241,190.10805762916755,190.147618364531,60133900
2024-01-23,192.9954071044922,193.55903452389103,191.66052626402544,192.83720939883852,42355600
2024-01-24,192.322998046875,194.18196038829024,192.16478527569063,193.2326988491845,53631300
2024-01-25,191.99668884277344,194.0731899615189,190.9485556432544,193.03493940214616,54822100
2024-01-26,190.26629638671875,192.5801018175765,189.7916731135176,192.09559590318423,44594000
2024-01-29,189.58401489257807,190.04875551955823,187.4580852833725,189.86087972294905,47145600
2024-01-30,185.935302734375,189.65322753238257,185.37169046557116,188.80285272092348,55859400
2024-01-31,182.3360595703125,185.0058513431809,182.2866312758536,184.94651023142663,55467800
2024-02-01,184.76852416992188,184.857513201702,181.7625567551165,181.93065217781276,64885400
2024-02-02,183.7698516845703,185.23328233515724,177.2437171517322,177.84689023760967,102551700
2024-02-05,185.579345703125,187.1317803970082,183.75994390321247,186.0440863383638,69668800
2024-02-06,187.18121337890625,187.19109601961685,184.67953227102765,184.76852130142623,43490800
2024-02-07,187.2899932861328,188.91163664571195,186.49894443287428,188.50622203381667,53439000
2024-02-08,186.2122039794922,187.418535043408,185.2530596605407,187.2702199788289,40962000
2024-02-09,186.97454833984372,188.10322646586076,186.1329835945197,186.7765224417052,45155200
2024-02-12,185.2914276123047,186.79633688725167,184.9350021289556,186.54881961012745,41781900
2024-02-13,183.20236206054688,184.360756090923,181.68755769129083,183.92512331150877,56529500
2024-02-14,182.3212127685547,183.6875129162611,180.6282031229016,183.4796068721132,54630500
2024-02-15,182.0341033935547,182.6578517542401,179.54903541760635,181.727184392981,65434500
2024-02-16,180.4994964599609,183.0142804515248,179.86585283584154,181.5984737728991,49752500
2024-02-20,179.75694274902344,180.6182980286837,178.2124373755958,179.98465441119404,53665600
2024-02-21,180.50938415527344,181.0737156195715,178.8658660184515,180.13315310757224,41371400
2024-02-22,182.53900146484372,183.12315360761588,180.64798131414128,181.6578407326569,52292200
2024-02-23,180.7073974609375,183.2023604547528,180.4202689919066,183.1726595934398,45119700
2024-02-26,179.3609161376953,180.9450175834942,178.85597124394113,180.43019254491847,40867400
2024-02-27,180.8163299560547,182.09351248592515,177.77681047698752,179.30152539649055,54318900
2024-02-28,179.61830139160156,181.3014155316966,178.34111913385524,180.6974728870872,48953900
2024-02-29,178.95497131347656,180.75690414056305,177.74708592784262,179.4698114222519,136682600
2024-03-01,177.87579345703125,178.73714862022334,175.6184374307493,177.76688526684862,73563100
2024-03-04,173.36111450195312,175.14322688917085,172.06411122315788,174.40067502541137,81510100
2024-03-05,168.4305419921875,170.33147275577412,167.93550746706842,169.0641855800497,95132400
2024-03-06,167.44049072265625,169.53944760498507,167.00485787713032,169.3612273012443,68587700
2024-03-07,167.32167053222656,169.0344857697736,166.81674075207243,167.47017484778516,71765100
2024-03-08,169.03448486328125,171.9749911536114,167.26226790901475,167.32166963491963,76267000
2024-03-11,171.03445434570312,172.64827197645664,170.34140892696936,171.22256991091453,60139500
2024-03-12,171.50967407226562,172.30173241116674,169.31171935776177,171.43046672764987,59825400
2024-03-13,169.43051147460938,171.4700511814422,169.0641756745517,171.05422401757613,52488700
2024-03-14,171.2819366455078,172.57892461566286,170.34137411890524,171.1928340614332,72913500
2024-03-15,170.90570068359375,170.90570068359375,168.5988381717502,169.47010369924573,121752700
2024-03-18,171.9947967529297,175.94517770513775,171.7967859641753,173.82643054023092,75604200
2024-03-19,174.3313446044922,174.85607994565953,171.31163124958826,172.6086191723699,55215200
2024-03-20,176.89564514160156,176.89564514160156,173.35119593354975,173.97494430389506,53423100
2024-03-21,169.66812133789062,175.72735394947048,169.14338597139206,175.29172116809335,106181300
2024-03-22,170.56910705566406,171.33146450930536,168.37115239719608,170.05426688241553,71160100
2024-03-25,169.1532745361328,170.2324459917948,167.76716903695254,168.8760564577472,54288300
2024-03-26,168.0246124267578,169.71762191427138,167.89589862566189,168.3117257823714,57388400
2024-03-27,171.58888244628906,171.87601096065072,168.42066417893392,168.7176879462108,60273300
2024-03-28,169.7770233154297,170.51957504542207,168.8166552027259,170.04434616825796,65672700
2024-04-01,168.3414306640625,169.54931605122675,167.79688969325008,169.48991432845702,46240500
2024-04-02,167.1632843017578,167.65831891419413,166.55934147029518,167.40090635433992,49329500
2024-04-03,167.96524047851562,168.98501058686435,166.9058742477708,167.11378032805132,47691700
2024-04-04,167.14344787597656,170.2126525655396,167.14344787597656,168.59883533803097,53704400
2024-04-05,167.8959197998047,168.69787335368648,167.2721714324497,167.90581505219322,42104800
2024-04-08,166.77713012695312,167.51968192191484,166.5692240844266,167.3513719945941,37425500
2024-04-09,167.98500061035156,168.39093251447707,166.67811742351924,167.02463249925154,42373800
2024-04-10,166.11376953125,167.41075745661644,165.4504251384005,167.12364410431726,49709300
2024-04-11,173.30169677734375,173.7175391133101,166.49003132152566,166.66823651643443,91070300
2024-04-12,174.7967071533203,176.58872985356905,172.47994902506244,172.52944039553972,101670900
2024-04-15,170.9750213623047,174.8758957155582,170.78690583147454,173.6185038309996,73531800
2024-04-16,167.69790649414062,172.0343988146065,166.59892920522176,170.04436539186383,73711200
2024-04-17,166.33160400390625,168.95528100035153,166.33160400390625,167.9256158132339,50901200
2024-04-18,165.38111877441406,166.96523521407434,164.8959946340493,166.36129252101995,43122900
2024-04-19,163.36138916015625,164.74747975255278,162.45052746983075,164.559379327856,68149400
2024-04-22,164.19302368164062,165.59891971474525,163.1336578084027,163.8762094876148,48116400
2024-04-23,165.24252319335938,165.39104261951863,163.28219064755024,163.70792820716713,49537800
2024-04-24,167.34149169921875,167.6187098522012,164.5593998092657,164.8861093338651,48251800
2024-04-25,168.2028350830078,168.9156860278579,166.4801094484109,167.84640961058278,50558300
2024-04-26,167.61871337890625,169.63844783702467,167.49989480565932,168.1929553099538,44838400
2024-04-29,171.77694702148438,174.28182002595528,171.38092552081974,171.64823323550502,68169400
2024-04-30,168.6384735107422,173.2521991943247,168.31174889120035,171.60868084411632,65934800
2024-05-01,167.61871337890625,170.99485287185942,167.43059781958385,167.8959315377214,50383100
2024-05-02,171.31167602539062,171.6978024171198,169.19292849767666,170.79683580066592,94214900
2024-05-03,181.55886840820312,185.14291355827163,180.84601747897057,184.7963833456082,163224100
2024-05-06,179.90545654296875,182.3707188474722,178.62825898838415,180.53910014061185,78569700
2024-05-07,180.5885772705078,183.0637497391675,179.5193160584302,181.62815272879564,77305800
2024-05-08,180.92523193359372,181.25195654794928,179.6480343404535,181.03414013837892,45057100
2024-05-09,182.737060546875,182.826163139894,180.3014839202349,180.7470119925852,48983000
2024-05-10,181.4779510498047,183.5004246665796,180.56585391849484,183.3120539854214,50759500
2024-05-13,184.6802215576172,185.4931866387208,183.0344740478803,183.84743912898392,72044800
2024-05-14,185.82032775878903,186.6828664107388,184.6901187820661,185.8996425272296,52393600
2024-05-15,188.09068298339844,189.01268886802717,185.76085876781028,186.2962297111884,70400000
2024-05-16,188.2096405029297,189.458829238671,188.0311936136785,188.83423487080037,52845200
2024-05-17,188.2393798828125,189.1713095252472,187.55530322495105,187.8824709799172,41282900
2024-05-20,189.3993225097656,190.27176982167657,187.38675756521695,187.7040166341828,44361300
2024-05-21,190.6981201171875,191.07484642166347,189.28039297280435,189.44893121149715,42309400
2024-05-22,189.2605438232422,191.1640681663492,188.63596455316463,190.6187885434668,34648500
2024-05-23,185.2750701904297,189.35968258649527,185.02721720275105,189.3398501117122,51005900
2024-05-24,188.34841918945312,188.9432723510632,186.4250777783575,187.19839293954828,36327000
2024-05-28,188.3583526611328,191.34249703943843,187.47599667367732,189.8652878598297,52280100
2024-05-29,188.65577697753903,190.59895109353056,187.8824768517226,187.9816240997488,53068000
2024-05-30,189.6471710205078,190.52952698465035,188.99285067972127,189.12172393667825,49889100
2024-05-31,190.5989532470703,190.9162123421418,188.2790528434088,189.7959119633218,75158300
2024-06-03,192.36366271972656,193.31542486412093,190.86663609575575,191.24336235629545,50080500
2024-06-04,192.680908203125,193.64257895328527,191.37223723797064,192.9684109970025,47471400
2024-06-05,194.18783569335935,195.20898869639487,193.19642383583025,193.7218709101011,54156800
2024-06-06,192.80978393554688,194.81244022862765,192.5024486640224,194.0093990023229,41181800
2024-06-07,195.19911193847656,195.2486855650071,192.47272888451312,192.978343568532,53103900
2024-06-10,191.4614715576172,195.60558138834557,190.49980075281104,195.20900753042525,97010200
2024-06-11,205.3709716796875,205.38089548057215,191.96709351098235,191.9869108572612,172373300
2024-06-12,211.2401580810547,218.3089152196564,205.1231328450552,205.58909768640683,198134300
2024-06-13,212.40008544921875,214.88852380834692,209.782758705521,212.8957913864929,97862700
2024-06-14,210.66514587402344,213.3221228300664,209.48536314811372,212.0134668282421,70122700
2024-06-17,214.8092193603516,217.0696373326701,210.8931452933454,211.5375569916551,93728300
2024-06-18,212.44964599609372,216.7523850703462,211.1707313217612,215.7213082393038,79943300
2024-06-20,207.87925720214844,212.4001085490653,207.0563985691976,212.09275812722348,86172500
2024-06-21,205.70806884765625,210.0702753319445,205.33132746963065,208.5831574221536,241805100
2024-06-24,206.35247802734372,210.87331399723783,204.8157865138524,205.93608683303725,80727000
2024-06-25,207.2745056152344,209.5646648210329,206.81844945769743,207.3538052595708,55549700
2024-06-26,211.4185791015625,213.01475280094436,208.8309935423844,209.68360834691896,66213200
2024-06-27,212.2613067626953,213.88722177256452,210.5263358320774,212.8462361886446,49772700
2024-06-28,208.8111724853516,214.21437951883613,208.4939285392998,213.9169529190877,82542700
2024-07-01,214.88851928710935,215.6419868499251,210.09999821846176,210.2685364182596,60402900
2024-07-02,218.3783264160156,218.48738234159504,213.2527281692765,214.29369867156123,58046200
2024-07-03,219.64732360839844,219.64732360839844,217.1489612238199,218.1106320389385,37369800
2024-07-05,224.39614868164065,224.5052045874235,219.74642480522968,219.74642480522968,60412400
2024-07-08,225.86349487304688,225.89323602358715,221.3327346559492,225.1397532025748,59085900
2024-07-09,226.7160797119141,227.4298975332092,224.4259205051531,225.97252074204383,48076100
2024-07-10,230.9791412353516,231.07828847688276,227.28117906796425,227.3307526887298,62627700
2024-07-11,225.61561584472656,230.39421338925845,223.83107137940016,229.40280147827104,64710600
2024-07-12,228.5601043701172,230.64207551688347,226.71607753741577,226.9540218514806,53046500
2024-07-15,232.38693237304688,235.1926297333435,231.0881852656036,234.44907084333448,62631300
2024-07-16,232.8033599853516,234.24090427881208,230.33473879844303,232.98180687397965,43234300
2024-07-17,226.91436767578125,229.47221227385296,224.69359950369105,227.479464610192,57345900
2024-07-18,222.25474548339844,228.46099458072425,220.36115997030524,228.30236502251043,66034600
2024-07-19,222.3836212158203,224.85224251867805,221.36246807560823,222.8892510128404,49151500
2024-07-22,222.03662109375,225.82380677595344,221.174082433242,225.06041535891617,48201800
2024-07-23,223.0775909423828,224.9910238167192,220.76759935066607,222.44308791792704,39960300
2024-07-24,216.6631774902344,222.86942645430565,215.2652980307627,222.07629380801336,61777600
2024-07-25,215.62217712402344,218.95332167523745,212.77681471652627,217.0497975364767,51391200
2024-07-26,216.08816528320312,217.60502442671483,214.15489978899527,216.82180047841348,41601300
2024-07-29,216.3657684326172,217.41666277155184,213.897147014136,215.09676223529075,36311800
2024-07-30,216.9209442138672,218.437803332798,214.26395224147615,217.3075942808937,41643800
2024-07-31,220.1727600097656,221.89782218872543,218.7352157578384,219.53825698895488,50036300
2024-08-01,216.48472595214844,222.5521625800544,215.15623749650504,222.4431066544272,62501000
2024-08-02,217.9718170166016,223.6625266661827,215.8402875210575,217.2679079240609,105568600
2024-08-05,207.4727783203125,211.66644653820467,194.3167378055649,197.3801970311264,119548600
2024-08-06,205.4502868652344,208.18659343179937,199.343200967242,203.5368691310161,69660500
2024-08-07,208.01806640625,211.80525225793107,204.61751548926864,205.12313014700663,63516400
2024-08-08,211.47808837890625,212.36044444161047,207.0365669160157,211.27980900719396,47161100
2024-08-09,214.3829040527344,214.9182597959333,210.1495712142523,210.2784595957283,42201600
2024-08-12,215.91146850585935,217.8767320905019,213.9958359256548,214.4623401059105,38028100
2024-08-13,219.62364196777344,220.23902400333972,217.38044783379533,217.38044783379533,44155300
2024-08-14,220.0702972412109,221.3705477847693,218.06532277692483,218.92885985517657,41960600
2024-08-15,223.04795837402344,223.67327566716008,221.1025352094067,222.9288560878089,46414000
2024-08-16,224.3680725097656,225.1422676891868,221.98592068094567,222.2539159800548,44340200
2024-08-19,224.2092742919922,224.30853630427512,221.38047353975196,224.0405409873165,40687800
2024-08-20,224.82464599609372,225.47973889834265,223.7725353535306,224.0901616619868,30299000
2024-08-21,224.7154693603516,226.2837152200136,223.375523094966,224.8345868015738,34765500
2024-08-22,222.859375,226.64102413052157,222.2340576918725,226.09511339685903,43695300
2024-08-23,225.15219116210935,226.52192810531065,222.66087229355688,223.98097823318813,38677300
2024-08-26,225.48963928222656,225.5889012812352,222.22412549030665,225.0727661478488,30602200
2024-08-27,226.33334350585935,227.1472495725316,223.21670725505916,224.31844891527624,35934600
2024-08-28,224.8048095703125,228.149730282918,224.00082364270057,226.2241624042973,38052200
2024-08-29,228.0802459716797,231.1869621230462,227.1770283167567,228.3879521456165,51906300
2024-08-30,227.29612731933597,228.68570457235603,225.78743262658827,228.4772755570311,52990800
2024-09-03,221.1125030517578,227.29614502733148,219.52440165721936,226.8494962430105,50190600
2024-09-04,219.206787109375,220.12986023982225,215.86185105944423,220.01075793789536,43840200
2024-09-05,220.72537231445312,223.8022974801588,219.8717705933337,219.9809527371486,36615400
2024-09-06,219.177001953125,223.56411324365837,218.13481142105056,222.2837029728863,48423000
2024-09-09,219.2663116455078,219.62363365317324,215.0975649862482,219.17698492990527,67180000
2024-09-10,218.4722900390625,219.83209181891957,215.1174338078889,217.29114171411047,51591000
2024-09-11,221.0032958984375,221.43008920211523,216.26878297144037,219.8122275598596,44587100
2024-09-12,221.1125030517578,221.88669831664956,218.18445530425632,220.84450772306224,37455600
2024-09-13,220.844482421875,222.37301734416337,220.2588759685165,221.91644846858935,36766600
2024-09-16,214.71046447753903,215.6037619118882,212.3283127438496,214.9288136198369,59357400
2024-09-17,215.17697143554688,215.28615358843467,212.904016801209,214.14471619981745,45519300
2024-09-18,219.04795837402344,221.0529328037412,215.92138686335736,215.9313221513165,59894900
2024-09-19,227.16709899902344,228.11004268622213,222.95865620671253,223.31597824995185,66781300
2024-09-20,226.5020751953125,231.3556905514529,225.92638886705737,228.2589097535001,318679900
2024-09-23,224.7849578857422,227.74278104335215,224.12986496132828,225.6484798300337,54146000
2024-09-24,225.67823791503903,227.64351653597865,224.0504410184132,226.94871280288092,43556100
2024-09-25,224.68569946289065,225.59885242729763,222.3531936181764,223.2564112941643,42308700
2024-09-26,225.82716369628903,226.79986786044512,223.7328623413079,225.6087993733805,36636700
2024-09-27,226.09510803222656,227.81224676693589,225.60876359989413,226.76013618443497,34026000
2024-09-30,231.266357421875,231.266357421875,227.9412771261621,228.3283747151782,54541900
2024-10-01,224.52688598632807,227.9412778656533,222.07526286618744,227.81225543239975,63285000
2024-10-02,225.09266662597656,225.67827315966653,221.3606479532611,224.20928918092056,32880600
2024-10-03,223.9908905029297,225.1224076763777,221.65838486968207,223.46483520314055,34044200
2024-10-04,225.1124725341797,226.3035407723517,222.4623407820393,226.20427877531475,37245100
2024-10-07,220.0405120849609,224.0107499786272,219.68319006872076,222.8296017820206,39505400
2024-10-08,224.09014892578125,224.29857792676052,221.588894897244,222.63108533790577,31855700
2024-10-09,227.83209228515625,228.0405364361267,223.15714569962597,223.55416342639623,33591100
2024-10-10,227.3358154296875,227.7923994519787,225.47973405841245,226.0851959438118,28183500
2024-10-11,225.8569183349609,227.70307961960657,225.6484741750507,227.5938974682738,31759200
2024-10-14,229.5790252685547,230.00581860221664,226.89911753216435,226.99836439928595,39882100
2024-10-15,232.11004638671875,235.7229623804217,230.6410474142004,231.87182665313995,64751400
2024-10-16,230.05540466308597,230.39287120683147,228.12983710309092,229.87675125001607,34082200
2024-10-17,230.4226837158203,232.11004699556463,228.8048220166126,231.69315867439417,32993800
2024-10-18,233.25148010253903,234.4226930307779,232.26884075534687,234.4226930307779,46431500
2024-10-21,234.720458984375,235.0877162866724,232.7055644739604,232.7055644739604,36254500
2024-10-22,234.1050720214844,234.46239402859047,230.8693336731526,232.14972869721717,38846600
2024-10-23,229.04299926757807,233.39041424004768,226.06532109909307,232.33830371042365,52287000
2024-10-24,228.8544464111328,229.10258628095696,226.71051430099084,228.26882480795348,31109500
2024-10-25,229.68820190429688,231.484732210271,227.8618960243761,228.03062932515897,38802300
2024-10-28,231.6633758544922,232.98348177622344,230.81970938626557,231.5839844241638,36087100
2024-10-29,231.93138122558597,232.5864741436605,230.59143496071303,231.365630174708,35417200
2024-10-30,228.3879547119141,231.73287549326048,227.8420439394486,230.8792736886572,47070900
2024-10-31,224.22911071777344,228.11994197442104,223.693120129287,227.63358238786927,64370100
2024-11-01,221.25143432617188,223.67328184782377,218.6310779402587,219.3258665378009,65276700
2024-11-04,220.3581085205078,221.13230364643437,218.07523400035527,219.34570882983752,44944500
2024-11-05,221.7873992919922,222.28367900181772,219.49458945583885,220.14968230766976,28111300
2024-11-06,221.06285095214844,224.387931303672,219.54423614319148,220.95366880237512,54561100
2024-11-07,225.7874298095703,226.18446269494837,222.899093187882,222.95864433437472,42137700
2024-11-08,225.51914978027344,227.20835428792037,224.9726384261151,225.72780810336752,38328800
2024-11-11,222.80645751953125,224.26712634517855,220.0937933412938,223.5715733715174,42005600
2024-11-12,222.80645751953125,224.15782408060912,221.94198562097503,223.1244332571579,40398300
2024-11-13,223.6908264160156,225.2111120360391,221.34580821096,222.5878726169869,48566200
2024-11-14,226.7711334228516,227.41700079571672,223.5715745650122,223.5914518391994,44923900
2024-11-15,223.5715789794922,225.4793879673537,222.84621765747357,224.96268496170848,47923700
2024-11-18,226.57241821289065,228.28149999782983,223.74050538640265,223.8199993254601,44633700
2024-11-19,226.83074951171875,228.69881907074452,225.221039030722,225.53899960732684,36211800
2024-11-20,227.54620361328125,228.4702922716314,224.45594670445817,226.61216873586116,35169600
2024-11-21,227.0692443847656,228.69883223369172,224.2770861035494,227.42695953023323,42108300
2024-11-22,228.41065979003903,229.25526960886552,226.6121530455377,226.6121530455377,38168300
2024-11-25,231.39163208007807,231.7692245216812,228.2815130321861,229.99059491471,90152800
2024-11-26,233.56771850585935,234.07449047305911,231.84870566104107,231.84870566104107,45986200
2024-11-27,233.43853759765625,234.1937224347506,232.32565277909848,232.9814664022851,33498400
2024-11-29,235.8233184814453,236.3002669685808,232.48464874765904,233.31931239062584,28481400
2024-12-02,238.0689697265625,239.26134854667043,235.65440375298792,235.7637060292764,48137100
2024-12-03,241.1095123291016,241.2188145923816,237.38331948353385,238.28754591958517,38861000
2024-12-04,241.46725463867188,242.56027739454964,239.7184333911867,241.32814402991647,44383900
2024-12-05,241.4970703125,242.9875476638645,240.5928589090645,242.44105143123323,40033900
2024-12-06,241.29833984375,243.0769846168902,240.5431701206591,241.36790273028285,36870600
2024-12-09,245.1835021972656,245.6703968797777,240.2152448072501,240.29473874492052,44649200
2024-12-10,246.197021484375,246.63423054379348,243.78244060146585,245.32260336553807,36914800
2024-12-11,244.9251708984375,249.207806563516,244.69662013013263,246.3858398593606,45205800
2024-12-12,246.3858337402344,247.1608807008323,244.12029436088807,245.3226193526416,32777500
2024-12-13,246.55474853515625,247.7073727380188,244.67674782957272,246.24671899982584,33155300
2024-12-16,249.4462738037109,249.7841268474892,246.07779571830557,246.4156487620838,51694800
2024-12-17,251.87078857421875,252.2185726786221,248.19428090188288,248.4923793968116,51356400
2024-12-18,246.4752655029297,252.6657103008961,246.1672359539693,250.55917390522964,56774100
2024-12-19,248.2041931152344,250.400169527173,245.5213371883983,245.92873792847348,60882300
2024-12-20,252.87437438964844,253.38113119374523,244.1302382023433,246.46531011815412,147495300
2024-12-23,253.6493988037109,254.02697602810863,251.84094596601008,253.1525731004196,40858800
2024-12-24,256.560791015625,256.57070690893096,253.66924678278625,253.86798918256417,23234700
2024-12-26,257.3755798339844,258.4487403486908,255.9944201288889,256.55086249805703,27237100
2024-12-27,253.9673767089844,257.05764856283577,251.45343969164696,256.19314630806485,42355300
2024-12-30,250.59890747070312,251.890657464443,249.15811581542044,250.6287158030117,35557500
2024-12-31,248.8302154541016,251.6720594492945,247.8464949766397,250.83739579916156,39480700
